type,exposed_dense_pop_pct
coastal_2020,0.1146231098849104
fluvial_2020,2.139853522328182
pluvial_2020,19.640536596093487
comb_2020,20.60816889581959
